{
	"_metadata" : 	{
		"package-version" : 0.4
	}
,
	"Devil's preset" : 	{
		"frequency" : 666,
		"foo.1" : 666,
		"foo.2" : 666,
		"foo.3" : 666,
		"foo.4" : 666,
		"foo.5" : 666,
		"foo.6" : 666,
		"foo.7" : 666,
		"preset-name" : "Devil's preset",
		"ON" : 1,
		"preset-description" : "undefined"
	}
,
	"1024" : 	{
		"frequency" : 24,
		"foo.1" : 10,
		"foo.2" : 10,
		"foo.3" : 10,
		"foo.4" : 10,
		"foo.5" : 10,
		"foo.6" : 10,
		"foo.7" : 10,
		"preset-name" : "1024",
		"ON" : 1,
		"preset-description" : "undefined"
	}
,
	"the Pi-Preset" : 	{
		"frequency" : 6.283185307179586,
		"foo.1" : 3.1415926535,
		"foo.2" : 3.1415926535,
		"foo.3" : 3.1415926535,
		"foo.4" : 3.1415926535,
		"foo.5" : 3.1415926535,
		"foo.6" : 3.1415926535,
		"foo.7" : 3.1415926535,
		"preset-name" : "the Pi-Preset",
		"ON" : 1,
		"preset-description" : "undefined"
	}

}
